{
    "usuarios": [
      {
        "id": 1,
        "nome": "Iasmin Torquato",
        "email": "iasmin.torquato15@outlook.com",
        "senha": "hashed_password",
        "tipo": "Aluno",
        "data_criacao": "2023-08-01",
        "ativo": true
      },
      {
        "id": 2,
        "nome": "Igor Soares",
        "email": "Igor@gmail.com",
        "senha": "hashed_password",
        "tipo": "Instrutor",
        "data_criacao": "2023-08-02",
        "ativo": true
      },
      {
        "id": 3,
        "nome": "Kevinn Berliet",
        "email": "kevinn@gmail.com",
        "senha": "hashed_password",
        "tipo": "Administrador",
        "data_criacao": "2023-08-03",
        "ativo": true
      }
    ],
    "cursos": [
      {
        "id": 1,
        "titulo": "Curso de Programação em JavaScript",
        "descricao": "Aprenda JavaScript do básico ao avançado.",
        "categoria": "Programação",
        "instrutor_id": 2,
        "preco": 49.99,
        "data_criacao": "2023-08-10",
        "ativo": true
      },
      {
        "id": 2,
        "titulo": "Introdução ao Design Gráfico",
        "descricao": "Curso básico de design gráfico para iniciantes.",
        "categoria": "Design",
        "instrutor_id": 2,
        "preco": 29.99,
        "data_criacao": "2023-08-15",
        "ativo": true
      }
    ],
    "modulos": [
      {
        "id": 1,
        "curso_id": 1,
        "titulo": "Introdução ao JavaScript",
        "descricao": "Conceitos básicos e fundamentos da linguagem."
      },
      {
        "id": 2,
        "curso_id": 1,
        "titulo": "Funções e Arrays",
        "descricao": "Aprenda como trabalhar com funções e arrays em JavaScript."
      }
    ],
    "aulas": [
      {
        "id": 1,
        "modulo_id": 1,
        "titulo": "O que é JavaScript?",
        "conteudo": "url",
        "tipo": "Vídeo"
      },
      {
        "id": 2,
        "modulo_id": 1,
        "titulo": "Instalação e Configuração",
        "conteudo": "url",
        "tipo": "Texto"
      }
    ],
    "desenvolvimento": [
      {
        "id": 1,
        "curso_id": 1,
        "aluno_id": 1,
        "data_matricula": "2023-08-20",
        "progresso": 50
      },
      {
        "id": 2,
        "curso_id": 2,
        "aluno_id": 1,
        "data_matricula": "2023-08-21",
        "progresso": 0
      }
    ],
    "feedback": [
      {
        "id": 1,
        "curso_id": 1,
        "aluno_id": 1,
        "nota": 10,
        "comentario": "Ótimo curso! Muito bem explicado.",
        "data_avaliacao": "2023-08-22"
      }
    ],
    "certificado": [
      {
        "id": 1,
        "matricula_id": 1,
        "codigo_certificado": "ABC123",
        "data_emissao": "2023-09-01"
      }
    ],
    "pagamento": [
      {
        "id": 1,
        "curso_id": 1,
        "aluno_id": 1,
        "valor": 49.99,
        "data_pagamento": "2023-08-20",
        "status": "Aprovado"
      }
    ],
    "promocao": [
      {
        "id": 1,
        "curso_id": 2,
        "descricao": "Desconto de 20% para novos alunos!",
        "desconto": 20,
        "data_inicio": "2023-08-15",
        "data_fim": "2023-08-31"
      }
    ],
    "admins": [
      {
        "id": 1,
        "usuario_id": 3,
        "nivel_acesso": "Gerente"
      }
    ]
  }
  